name,category,price,min_order_qty,specifications,description,product_url,image_urls
Brown Braided Leather Belts,Braided Leather Belts,₹ 550/Piece,1000 Piece,Gender: Unisex; Color: Brown; Belt Material: Leather; Occasion: Casual Wear; Size: 36; Length: 24 inch; Product Usage: The More Casual Alternative To Classic Belts,"We Are The Wholesale Trader - Exporter And Importer Of Leather Waist Bag,Leather Basket,Braided Leather Belt,Men Leather Belt,Straw Bag In Chennai From 2000 ,We Are Selling Good Quality Products",https://www.indiamart.com/proddetail/brown-braided-leather-belts-2852756578997.html,https://5.imimg.com/data5/SELLER/Default/2024/7/433117095/WT/TG/VU/18738517/bag-500x500.jpeg
Ladies braided leather sling and clutch bag,Braided leather clutch and sling bags,"₹ 1,860/Piece",20 Piece,Style: Clutch Bag; Ideal For: Women; Color: Brown; Pattern: Plain; Gender: Women; Pure Leather: Yes; Country of Origin: Made in India; Veg chrome free leather: 20pcs in each style each colour,"We Are The Wholesale Trader - Exporter And Importer Of Leather Waist Bag,Leather Basket,Braided Leather Belt,Men Leather Belt,Straw Bag In Chennai From 2000 ,We Are Selling Good Quality Products",https://www.indiamart.com/proddetail/ladies-braided-leather-sling-and-clutch-bag-2853970396588.html,https://5.imimg.com/data5/ANDROID/Default/2024/4/413855184/DP/BH/HG/18738517/product-jpeg-500x500.jpg
Woven Ladies Braided  Leather Tote Bags,Braided leather hand bags,"₹ 3,760/Piece",1000 Piece,Pattern: Braided leather; Material: Veg chrome free leather; Gender: Female,"The tote is spacious and thoughtfully organized with small pockets and a laptop sleeve, making it an ideal companion for women seeking to combine style and practicality. What sets the Walker Leather Tote Bag apart? The Walker Leather Tote Bag stands out with its lightweight yet sturdy design.",https://www.indiamart.com/proddetail/woven-ladies-braided-leather-tote-bags-2854414466373.html,https://5.imimg.com/data5/SELLER/Default/2024/7/433304465/QZ/NL/FU/18738517/ladies-leather-tote-bags-500x500.jpg | https://5.imimg.com/data5/SELLER/Default/2024/7/433304098/OV/IK/ZK/18738517/ladies-leather-tote-bags-500x500.jpg | https://5.imimg.com/data5/SELLER/Default/2024/7/433208489/ZH/BR/FW/18738517/green-leather-basket-500x500.jpeg
Woven Ladies Leather Sling Bag,Chrome free braided leather sling bag,"₹ 1,860/Piece",2000 Piece,"Ideal For: Women; Chrome free leather braided sling bags , crossover bags: Moq 20pieces each colour","Leather sling bags can make your outfit look stylish while also allowing you to carry all your necessities in one place. You can carry lipsticks, lip gloss, mascara, kajal, blush, foundation, concealer, your house keys, car/bike keys, and more.",https://www.indiamart.com/proddetail/woven-ladies-leather-sling-bag-2854414511588.html,https://5.imimg.com/data5/SELLER/Default/2024/7/433103189/AU/NY/DI/18738517/ladies-leather-tote-hand-bag-500x500.jpeg | https://5.imimg.com/data5/SELLER/Default/2024/7/433103097/AU/GO/OV/18738517/ladies-leather-tote-hand-bag-500x500.jpg | https://5.imimg.com/data5/SELLER/Default/2024/7/433102510/LW/YF/IR/18738517/ladies-leather-tote-hand-bag-500x500.jpeg | https://5.imimg.com/data5/SELLER/Default/2024/7/433102470/CL/UP/EY/18738517/ladies-leather-tote-hand-bag-500x500.jpeg | https://5.imimg.com/data5/SELLER/Default/2024/7/433101840/ZZ/UO/YW/18738517/ladies-leather-tote-hand-bag-500x500.jpeg
Green Leather Basket,Chrome free leather braided bags,"₹ 3,760/Piece",100 Piece,"Material: Leather; Color: Green; Size: 18 x 12 x 12 inch ( H x L x B ); Usage/Application: In Your Hall For Your Keys, Wallet, And Your Phone; Product Weight: 2 Kg; Pattern: Plain","We Are The Wholesale Trader - Exporter And Importer Of Leather Waist Bag,Leather Basket,Braided Leather Belt,Men Leather Belt,Straw Bag In Chennai From 2000 ,We Are Selling Good Quality Products",https://www.indiamart.com/proddetail/green-leather-basket-2852756591462.html,https://5.imimg.com/data5/SELLER/Default/2024/7/433119204/ZQ/XQ/YJ/18738517/green-leather-basket-500x500.jpeg
Woven handbraided  Red  tote hand bag,Chrome free leather braided bags,"₹ 3,300/Piece",200000 Piece,Type: Handbags; Color: Brown; Material: Leather; Pattern: Plain; Occasion: Casual Wear; Chrome free braided leather tote bag: Moq 20pcs each colour for sample unit also same price,"We Are The Wholesale Trader - Exporter And Importer Of Leather Waist Bag,Leather Basket,Braided Leather Belt,Men Leather Belt,Straw Bag In Chennai From 2000 ,We Are Selling Good Quality Products",https://www.indiamart.com/proddetail/woven-handbraided-red-tote-hand-bag-2853974767091.html,https://5.imimg.com/data5/ANDROID/Default/2024/4/414065594/FN/EU/HK/18738517/product-jpeg-500x500.jpg
Woven Brown Braided Sling Bag,Chrome free leather braided sling bags,"₹ 1,860/Piece",20 Piece,Material: Leather; Pattern: Plain; Color: Brown; Usage/Application: Casual Wear; Strap Type: Shoulder; Type Of Hand Bags: Handheld Bag,"We Are The Wholesale Trader - Exporter And Importer Of Leather Waist Bag,Leather Basket,Braided Leather Belt,Men Leather Belt,Straw Bag In Chennai From 2000 ,We Are Selling Good Quality Products",https://www.indiamart.com/proddetail/woven-brown-braided-sling-bag-2853974970033.html,https://5.imimg.com/data5/SELLER/Default/2024/7/433107534/ZV/MC/ZR/18738517/product-jpeg-500x500.jpeg
Woven Hand Braided Chrome Free Leather  Tote  Bag,Chrome free leather braided tote bags,"₹ 3,370/Piece",20 Piece,Material: Leather; Color: Tan; Gender: Female; I Deal In: New Only; Country of Origin: Made in India; Leather braided tote hand bag: Red tan  pin brown black etc,"We Are The Wholesale Trader - Exporter And Importer Of Leather Waist Bag,Leather Basket,Braided Leather Belt,Men Leather Belt,Straw Bag In Chennai From 2000 ,We Are Selling Good Quality Products",https://www.indiamart.com/proddetail/woven-hand-braided-chrome-free-leather-tote-bag-2853970404397.html,https://5.imimg.com/data5/SELLER/Default/2024/7/433105826/ZU/SQ/VK/18738517/leather-tote-hand-bag-500x500.jpg | https://5.imimg.com/data5/SELLER/Default/2024/5/423549901/ZG/DE/IX/18738517/leather-tote-hand-bag-500x500.jpeg | https://5.imimg.com/data5/SELLER/Default/2024/5/423549991/XB/GG/EM/18738517/leather-tote-hand-bag-500x500.jpeg
Woven Ladies Black Plain Leather Braided Hand Bag,Chrome free leather braided tote bags,"₹ 3,760/Piece",10000 Piece,"Material: Leather; Color: Black; Size: 18 x 18 x 12 inch ( H x L x B ); Usage/Application: In Your Hall For Your Keys, Wallet, And Your Phone; Pattern: Plain; Product Weight: 2 Kg","We Are The Wholesale Trader - Exporter And Importer Of Leather Waist Bag,Leather Basket,Braided Leather Belt,Men Leather Belt,Straw Bag In Chennai From 2000 ,We Are Selling Good Quality Products",https://www.indiamart.com/proddetail/woven-ladies-black-plain-leather-braided-hand-bag-2852734654512.html,https://5.imimg.com/data5/SELLER/Default/2024/7/433116422/NU/FE/QJ/18738517/ladies-black-plain-leather-braided-hand-bag-500x500.jpeg
Men's  leather  wallet,Chrome free leather men's wallet,₹ 300/Piece,200 Piece,Material: Chrome free leather; Open Type: Bi Fold; Color: Blue; Gender: Male; Card Slots: 4,"We Are The Wholesale Trader - Exporter And Importer Of Leather Waist Bag,Leather Basket,Braided Leather Belt,Men Leather Belt,Straw Bag In Chennai From 2000 ,We Are Selling Good Quality Products",https://www.indiamart.com/proddetail/men-s-leather-wallet-2854037049091.html,https://5.imimg.com/data5/ANDROID/Default/2024/5/417187105/UO/SQ/BS/18738517/product-jpeg-500x500.jpg | https://5.imimg.com/data5/ANDROID/Default/2024/5/417188304/LV/HD/YB/18738517/product-jpeg-500x500.jpg | https://5.imimg.com/data5/ANDROID/Default/2024/5/417188851/XY/AB/JJ/18738517/product-jpeg-500x500.jpg | https://5.imimg.com/data5/ANDROID/Default/2024/5/417189071/QO/PC/JP/18738517/product-jpeg-500x500.jpg | https://5.imimg.com/data5/ANDROID/Default/2024/5/417189206/FN/II/UV/18738517/product-jpeg-500x500.jpg | https://5.imimg.com/data5/ANDROID/Default/2024/5/417189341/XM/VC/BN/18738517/product-jpeg-500x500.jpg | https://5.imimg.com/data5/ANDROID/Default/2024/5/417189453/CC/GC/UE/18738517/product-jpeg-500x500.jpg | https://5.imimg.com/data5/ANDROID/Default/2024/5/417189610/KF/RH/UK/18738517/product-jpeg-500x500.jpg | https://5.imimg.com/data5/ANDROID/Default/2024/5/417189740/FI/YG/CA/18738517/product-jpeg-500x500.jpg | https://5.imimg.com/data5/ANDROID/Default/2024/5/417189885/WU/WH/UF/18738517/product-jpeg-500x500.jpg | https://5.imimg.com/data5/ANDROID/Default/2024/5/417190127/PC/DT/EY/18738517/product-jpeg-500x500.jpg
Woven  handcrafted Chrome Free Leather Hand Bag,Hand braided chrome free leather hand bags,"₹ 3,760/Piece",20 Piece,Type: Hand Bag; Leather Quality: Pure Leather; Color: Tan; Bag Material: Leather; Country of Origin: Made in India; Minimum Order Quantity: 20,"We Are The Wholesale Trader - Exporter And Importer Of Leather Waist Bag,Leather Basket,Braided Leather Belt,Men Leather Belt,Straw Bag In Chennai From 2000 ,We Are Selling Good Quality Products",https://www.indiamart.com/proddetail/woven-handcrafted-chrome-free-leather-hand-bag-2853975005755.html,https://5.imimg.com/data5/SELLER/Default/2024/7/433112846/PY/GJ/EW/18738517/knitted-leather-hand-bag-500x500.jpeg | https://5.imimg.com/data5/SELLER/Default/2024/7/433113119/ZX/NG/PX/18738517/knitted-leather-hand-bag-500x500.jpeg
Pink hand braided ladies leather tote bag,Hand braided chrome free leather ladies tote bag,"₹ 3,370/Piece",20 Piece,Leather Type: Pure Leather; Color: ROSE; Gender: Women; Pure Leather: Yes; Country of Origin: Made in India,"We Are The Wholesale Trader - Exporter And Importer Of Leather Waist Bag,Leather Basket,Braided Leather Belt,Men Leather Belt,Straw Bag In Chennai From 2000 ,We Are Selling Good Quality Products",https://www.indiamart.com/proddetail/pink-hand-braided-ladies-leather-tote-bag-2854037164673.html,https://5.imimg.com/data5/SELLER/Default/2024/7/433108712/GX/AZ/GU/18738517/pink-braided-ladies-leather-bag-500x500.jpeg
Woven Black hand braided tote bag,Hand braided chrome free leather ladies tote bag,"₹ 3,370/Piece",20 Piece,Material: Leather; Pattern: Plain; Color: Black; Occasion: Casual Wear; Gender: Female,"We Are The Wholesale Trader - Exporter And Importer Of Leather Waist Bag,Leather Basket,Braided Leather Belt,Men Leather Belt,Straw Bag In Chennai From 2000 ,We Are Selling Good Quality Products",https://www.indiamart.com/proddetail/woven-black-hand-braided-tote-bag-2853974776930.html,https://5.imimg.com/data5/SELLER/Default/2024/7/433107183/YH/FT/TC/18738517/product-jpeg-500x500.jpeg
Woven Hand Braided Chrome Free Leather  Ladies Tote Bag,Hand braided chrome free leather ladies tote bag,"₹ 3,370/Piece",20 Piece,Material: Leather; Color: Tan; Pattern: Plain; Gender: Female; Occasion: Casual Wear,"We Are The Wholesale Trader - Exporter And Importer Of Leather Waist Bag,Leather Basket,Braided Leather Belt,Men Leather Belt,Straw Bag In Chennai From 2000 ,We Are Selling Good Quality Products",https://www.indiamart.com/proddetail/woven-hand-braided-chrome-free-leather-ladies-tote-bag-2853970423548.html,https://5.imimg.com/data5/SELLER/Default/2024/7/433111771/WE/EP/WR/18738517/ladies-braided-leather-tote-bag-500x500.jpeg
Woven Hand Braided Chrome Free Leather Ladies Tote Bag,Hand braided chrome free leather ladies tote bag,"₹ 3,760/Piece",2000 Piece,Material: Leather; Color: Tan; Pattern: Plain; Country of Origin: Made in India,"We Are The Wholesale Trader - Exporter And Importer Of Leather Waist Bag,Leather Basket,Braided Leather Belt,Men Leather Belt,Straw Bag In Chennai From 2000 ,We Are Selling Good Quality Products",https://www.indiamart.com/proddetail/woven-hand-braided-chrome-free-leather-ladies-tote-bag-2853970411791.html,https://5.imimg.com/data5/SELLER/Default/2024/7/433093341/FC/YQ/XN/18738517/product-jpeg-500x500.jpeg | https://5.imimg.com/data5/SELLER/Default/2024/5/423549603/OO/KL/CP/18738517/ladies-leather-tote-hand-bag-500x500.jpeg
Woven Hand Braided Chrome Free Leather Ladies Tote Bag,Hand braided chrome free leather ladies tote bag,"₹ 3,370/Piece",20 Piece,Material: Leather; Color: Brown; Pattern: Plain; Gender: Female; I Deal In: New Only; Country of Origin: Made in India,"We Are The Wholesale Trader - Exporter And Importer Of Leather Waist Bag,Leather Basket,Braided Leather Belt,Men Leather Belt,Straw Bag In Chennai From 2000 ,We Are Selling Good Quality Products",https://www.indiamart.com/proddetail/woven-hand-braided-chrome-free-leather-ladies-tote-bag-2853970431012.html,https://5.imimg.com/data5/SELLER/Default/2024/7/433109439/IP/KZ/MZ/18738517/product-jpeg-500x500.jpeg
Woven Hand Braided Chrome Free Leather Ladies Tote Bag,Hand braided chrome free leather ladies tote bag,"₹ 3,370/Piece",,Type: Shoulder Bag; Color: Red; Pattern: Plain; Country of Origin: Made in India,"We Are The Wholesale Trader - Exporter And Importer Of Leather Waist Bag,Leather Basket,Braided Leather Belt,Men Leather Belt,Straw Bag In Chennai From 2000 ,We Are Selling Good Quality Products",https://www.indiamart.com/proddetail/woven-hand-braided-chrome-free-leather-ladies-tote-bag-2854037175812.html,https://5.imimg.com/data5/SELLER/Default/2024/7/433109741/LJ/LR/QT/18738517/product-jpeg-500x500.jpeg
Woven Hand Braided Chrome Free Leather Tote Bags,Hand braided chrome free leather ladies tote bag,"₹ 3,370/Piece",20 Piece,Material: Leather; Leather Quality: Full Grain Leather; Color: Brown; Pattern: Plain; Pure Leather: Yes,"We Are The Wholesale Trader - Exporter And Importer Of Leather Waist Bag,Leather Basket,Braided Leather Belt,Men Leather Belt,Straw Bag In Chennai From 2000 ,We Are Selling Good Quality Products",https://www.indiamart.com/proddetail/woven-hand-braided-chrome-free-leather-tote-bags-2853970371548.html,https://5.imimg.com/data5/SELLER/Default/2024/7/433113679/WT/CU/PP/18738517/leather-braided-tote-bag-500x500.jpeg | https://5.imimg.com/data5/SELLER/Default/2024/7/433114015/BT/XA/KQ/18738517/leather-braided-tote-bag-500x500.jpeg | https://5.imimg.com/data5/SELLER/Default/2024/7/433114116/JY/XT/FY/18738517/leather-braided-tote-bag-500x500.jpeg
Woven Ladies Leather Tote Bags,Hand braided chrome free leather ladies tote bag,"₹ 3,370/Piece",20 Piece,Material: Leather; Color: Brown; Pattern: Plain; Gender: Female; I Deal In: New Only; Country of Origin: Made in India,"We Are The Wholesale Trader - Exporter And Importer Of Leather Waist Bag,Leather Basket,Braided Leather Belt,Men Leather Belt,Straw Bag In Chennai From 2000 ,We Are Selling Good Quality Products",https://www.indiamart.com/proddetail/woven-ladies-leather-tote-bags-2854037021133.html,https://5.imimg.com/data5/SELLER/Default/2024/7/433110916/WE/QB/AD/18738517/ladies-leather-tote-bags-500x500.jpeg | https://5.imimg.com/data5/SELLER/Default/2024/7/433111260/GO/HY/YN/18738517/ladies-leather-tote-bags-500x500.jpeg | https://5.imimg.com/data5/SELLER/Default/2024/7/433111393/LJ/YW/HW/18738517/ladies-leather-tote-bags-500x500.jpeg
Woven Black Hand  Braided Chrome Free Leather Ladies Tote Hand Bag,Hand braided chrome free leather tote bags,"₹ 3,760/Piece",1000 Piece,Color: Black,"We Are The Wholesale Trader - Exporter And Importer Of Leather Waist Bag,Leather Basket,Braided Leather Belt,Men Leather Belt,Straw Bag In Chennai From 2000 ,We Are Selling Good Quality Products",https://www.indiamart.com/proddetail/woven-black-hand-braided-chrome-free-leather-ladies-tote-hand-bag-2853974756197.html,https://5.imimg.com/data5/SELLER/Default/2024/7/433065080/SL/UI/ZP/18738517/product-jpeg-500x500.jpeg | https://5.imimg.com/data5/SELLER/Default/2024/5/423548681/WK/DR/RT/18738517/black-braided-tote-hand-bag-500x500.jpeg | https://5.imimg.com/data5/SELLER/Default/2024/5/423548812/GN/IO/OC/18738517/black-braided-tote-hand-bag-500x500.jpeg
Woven Hand Braided  Chrome Free Leather  Tote Bags,Hand braided chrome free leather tote bags,"₹ 3,370/Piece",2000 Piece,Material: Leather; Color: Brown; Pattern: Plain; Pure Leather: Yes; Gender: Female,"We Are The Wholesale Trader - Exporter And Importer Of Leather Waist Bag,Leather Basket,Braided Leather Belt,Men Leather Belt,Straw Bag In Chennai From 2000 ,We Are Selling Good Quality Products",https://www.indiamart.com/proddetail/woven-hand-braided-chrome-free-leather-tote-bags-2853970381048.html,https://5.imimg.com/data5/SELLER/Default/2024/7/433104793/QL/JE/KC/18738517/product-jpeg-500x500.jpeg
Woven Hand Braided Chrome Free Leather Tote Bags,Hand braided chrome free leather tote bags,"₹ 3,370/Piece",1000 Piece,Material: Leather; Color: Brown; Pattern: Plain; Pure Leather: Yes; Gender: Female,"We Are The Wholesale Trader - Exporter And Importer Of Leather Waist Bag,Leather Basket,Braided Leather Belt,Men Leather Belt,Straw Bag In Chennai From 2000 ,We Are Selling Good Quality Products",https://www.indiamart.com/proddetail/woven-hand-braided-chrome-free-leather-tote-bags-2853970376055.html,https://5.imimg.com/data5/SELLER/Default/2024/7/433105264/NX/KD/QD/18738517/product-jpeg-500x500.jpeg | https://5.imimg.com/data5/SELLER/Default/2024/7/433105205/LM/TV/HO/18738517/leather-tote-bag-500x500.jpeg
Woven Hand Braided Chrome Free Leather Tote Bags,Hand braided chrome free leather tote bags,"₹ 3,760/Piece",20 Piece,Style: Leather Tote Bag; Color: Green; Pattern: Plain; Gender: Women; Country of Origin: Made in India,"We Are The Wholesale Trader - Exporter And Importer Of Leather Waist Bag,Leather Basket,Braided Leather Belt,Men Leather Belt,Straw Bag In Chennai From 2000 ,We Are Selling Good Quality Products",https://www.indiamart.com/proddetail/woven-hand-braided-chrome-free-leather-tote-bags-2853970390548.html,https://5.imimg.com/data5/SELLER/Default/2024/7/433112329/UZ/KU/JG/18738517/green-leather-bag-500x500.png
Woven Hand Braided Chrome Free Leather Tote Bags,Hand braided chrome free leather tote bags,"₹ 3,370/Piece",20000 Piece,,"Chrome, which manufactures about half of its bags domestically, will keep its factory in Chico, California. The HQ-hopping company was founded in 1996 in Boulder, Colorado, before it moved to San Francisco. It has 74 employees globally",https://www.indiamart.com/proddetail/woven-hand-braided-chrome-free-leather-tote-bags-2854416826133.html,https://5.imimg.com/data5/SELLER/Default/2024/7/433301001/MP/AT/JY/18738517/hand-braided-chrome-bags-500x500.jpg
Woven Brown Hand Braided Mini Laptop Bag,Hand braided leather laptop bags,"₹ 3,370/Piece",2000 Piece,Material: Leather; Color: Brown; Design/Pattern: Plain; Country of Origin: Made in India; Minimum Order Quantity: 20,"We Are The Wholesale Trader - Exporter And Importer Of Leather Waist Bag,Leather Basket,Braided Leather Belt,Men Leather Belt,Straw Bag In Chennai From 2000 ,We Are Selling Good Quality Products",https://www.indiamart.com/proddetail/woven-brown-hand-braided-mini-laptop-bag-2853974793788.html,https://5.imimg.com/data5/SELLER/Default/2024/7/433106008/EW/DT/OD/18738517/product-jpeg-500x500.jpeg | https://5.imimg.com/data5/SELLER/Default/2024/7/433106201/JE/EL/PI/18738517/brown-mini-braided-laptop-bag-500x500.jpeg
Woven Leather braided Ladies Laptop Bags,Hand braided leather laptop bags,"₹ 3,370/Piece",20000 Piece,,"A leather laptop bag exudes elegance and professionalism, making it a must-have accessory for the modern individual. Beyond its chic appearance, it serves as a dependable guardian for your laptop, ensuring it remains safe and scratch-free during your daily commute or business meetings.",https://www.indiamart.com/proddetail/woven-leather-braided-ladies-laptop-bags-2854414589848.html,https://5.imimg.com/data5/SELLER/Default/2024/7/433216097/YC/UT/FF/18738517/0b5466b4-7fc3-4306-9509-b4612e5057a0-500x500.jpeg | https://5.imimg.com/data5/SELLER/Default/2024/7/433302327/VN/EK/SB/18738517/leather-braided-ladies-laptop-bags-500x500.jpg
Woven Hand Braided Chrome Free Leather Brown  Tote Bag,Hand braided leather tote bags,"₹ 3,760/Piece",1000 Piece,"Material: Leather; Color: Brown; Size: 18 x 18 x 12 inch ( H x L x B ); Usage/Application: In Your Hall For Your Keys, Wallet, And Your Phone; Pattern: Braided; Product Weight: 2 Kg","We Are The Wholesale Trader - Exporter And Importer Of Leather Waist Bag,Leather Basket,Braided Leather Belt,Men Leather Belt,Straw Bag In Chennai From 2000 ,We Are Selling Good Quality Products",https://www.indiamart.com/proddetail/woven-hand-braided-chrome-free-leather-brown-tote-bag-2848985871348.html,https://5.imimg.com/data5/SELLER/Default/2023/10/356816032/QA/NY/CJ/18738517/dragon-diffusion-genuine-leather-french-woven-bag-vegetable-basket-bag-500x500.jpg
Woven Pink Braided Leather Rectangular Tote Bagfor Ladies,Hand braided leather tote bags,"₹ 3,370/Piece",20 Piece,Shape: Rectangular; Pattern: Hand braided; Pure Leather: Yes; Material: Chrome free leatger; Gender: Female; Bag Type: Tote bag,A tote is a large bag with a wide opening and parallel handles. Most people who choose the tote bag are looking for a mix of fashion and utility. A tote is easy to dress up or down depending on the occasion.,https://www.indiamart.com/proddetail/woven-pink-braided-leather-rectangular-tote-bagfor-ladies-2854414609255.html,https://5.imimg.com/data5/SELLER/Default/2024/7/433216918/SO/XU/LB/18738517/7ad47f36-196e-4712-9e99-65a01650022c-500x500.jpeg | https://5.imimg.com/data5/SELLER/Default/2024/7/433301584/LK/AO/FQ/18738517/pink-braided-leather-rectangular-tote-bagfor-ladies-500x500.jpg
Ladies Leather Bag,Ladies Leather Bag,,,,Ladies Leather Bag,,
Ladies Leather Bag,Ladies Leather Bag,,,,,,https://hm.imimg.com/template-mdc/d0066/jpg/noprodimagecategory.png
Fashion Tote Bag,Leather Bags,,,,Fashion Tote Bag,,
Fashion Tote Bag,Leather Bags,,,,,,https://hm.imimg.com/template-mdc/d0066/jpg/noprodimagecategory.png
Black Braided Leather Belt,Leather Belt,₹ 550/Piece,1000 Piece,Gender: Unisex; Color: Black; Belt Material: Leather Belt; Occasion: Casual Wear; Size: 36; Length: 24 Inch ( L ); Product Usage: The More Casual Alternative To Classic Belts,"We Are The Wholesale Trader - Exporter And Importer Of Leather Waist Bag,Leather Basket,Braided Leather Belt,Men Leather Belt,Straw Bag In Chennai From 2000 ,We Are Selling Good Quality Products",https://www.indiamart.com/proddetail/black-braided-leather-belt-2852761231430.html,https://5.imimg.com/data5/SELLER/Default/2024/7/433116709/EF/IY/LQ/18738517/leather-belt-500x500.jpeg
Woven Hand Braided Ladies Chrome Free Leather   Tote Bag,Leather Tote Bag,"₹ 3,370/Piece",20000 Piece,Color: Brown,A tote is a large bag with a wide opening and parallel handles. Most people who choose the tote bag are looking for a mix of fashion and utility. A tote is easy to dress up or down depending on the occasion.,https://www.indiamart.com/proddetail/woven-hand-braided-ladies-chrome-free-leather-tote-bag-2854414573962.html,https://5.imimg.com/data5/SELLER/Default/2024/7/433211332/PG/DL/IA/18738517/79c97957-5002-4a46-bf3b-feb9b382410c-500x500.jpg | https://5.imimg.com/data5/SELLER/Default/2024/7/433302892/HW/JV/JT/18738517/leather-braided-ladies-tote-bag-500x500.jpg
Woven Brown Plain Leather Wall Tiles,Leather Wall Tiles,₹ 200/Piece,1000 Piece,Material: Leather; Surface Finish: Matte; Tile Design: Plain; Color: Brown; Specific Usage Area: Living Room; Product Usage: Great For Spaces Where Noise Is An Issue; Product Tile Thickness: 2 mm; Product Size: 18 x 18 inch ( L x W ),"We Are The Wholesale Trader - Exporter And Importer Of Leather Waist Bag,Leather Basket,Braided Leather Belt,Men Leather Belt,Straw Bag In Chennai From 2000 ,We Are Selling Good Quality Products",https://www.indiamart.com/proddetail/woven-brown-plain-leather-wall-tiles-2852756596762.html,https://5.imimg.com/data5/SELLER/Default/2024/7/433116504/WD/AD/TF/18738517/leather-sheet-500x500.jpeg | https://5.imimg.com/data5/SELLER/Default/2024/7/433116567/LI/ZR/PU/18738517/leather-sheet-500x500.jpeg
Mens Bifold Leather Wallet Braided,Mens Bifold Leather Wallet Braided,₹ 750/Piece,1000 Piece,Size: One Size; Color: Sea blue tan brown black etc; Chrom free braided leather mens wallet: 200pcs moq in each colour,"Men's and women's leather wallets can be crafted from almost any type of animal including pigs and goats. A popular type of hide, however, is cowhide. Since cowhide is a by-product of the dairy industry, it would be better to turn it into goods such as leather wallets rather than throwing it away.",https://www.indiamart.com/proddetail/mens-bifold-leather-wallet-braided-2854414567230.html,https://5.imimg.com/data5/SELLER/Default/2024/7/433304951/OQ/RH/OE/18738517/mens-bifold-leather-wallet-braided-500x500.jpg | https://5.imimg.com/data5/SELLER/Default/2024/7/433211316/ZS/WN/WE/18738517/1faf46ae-77c4-4bcc-9bae-b7a78f1b5943-500x500.jpg | https://5.imimg.com/data5/ANDROID/Default/2024/7/436485578/JZ/SZ/OG/18738517/product-jpeg-500x500.jpg
Brown Sea Grass Straw Tote Bag,Sea Grass Straw Tote Bag,"₹ 1,400/Piece",100 Piece,"Style: Tote Bag; Color: Brown; Bag Material: Sea Grass; Size: 18 x 12 x 6 inch ( H x L x B); Capacity: 1.5 Kg; Product Usage: One Can Carry It In Malls, Picnic And Can Be Used To Carry Grocery, Baby Items, Travelling Etc.","We Are The Wholesale Trader - Exporter And Importer Of Leather Waist Bag,Leather Basket,Braided Leather Belt,Men Leather Belt,Straw Bag In Chennai From 2000 ,We Are Selling Good Quality Products",https://www.indiamart.com/proddetail/brown-sea-grass-straw-tote-bag-2852734695233.html,https://5.imimg.com/data5/SELLER/Default/2023/10/355362532/BG/IW/PK/18738517/fancy-bag-500x500.jpeg
Sea Grass Straw Tote Bag,Sea Grass Straw Tote Bag,"₹ 1,400/Piece",100 Piece,"Style: Tote Bag; Color: Brown; Bag Material: Sea Grass; Size: 18 x 12 x 12 inch ( H x L x B); Thickness Gsm: 150 GSM; Product Usage: One Can Carry It In Malls, Picnic And Can Be Used To Carry Grocery, Baby Items, Travelling Etc.","We Are The Wholesale Trader - Exporter And Importer Of Leather Waist Bag,Leather Basket,Braided Leather Belt,Men Leather Belt,Straw Bag In Chennai From 2000 ,We Are Selling Good Quality Products",https://www.indiamart.com/proddetail/sea-grass-straw-tote-bag-2852734565688.html,https://5.imimg.com/data5/SELLER/Default/2023/10/355732125/ZP/BP/YX/18738517/beach-bags-500x500.jpeg | https://5.imimg.com/data5/SELLER/Default/2023/10/355732995/UG/DY/PH/18738517/beach-bags-500x500.jpeg
Sea Grass Straw Tote Bag,Sea Grass Straw Tote Bag,"₹ 1,400/Piece",100 Piece,"Style: Tote Bag; Color: Brown; Bag Material: Sea Grass; Size: 18 x 18 x 12 inch ( H x L x B); Thickness Gsm: 170 GSM; Product Usage: One Can Carry It In Malls, Picnic And Can Be Used To Carry Grocery, Baby Items, Travelling Etc.; Shape: Square","We Are The Wholesale Trader - Exporter And Importer Of Leather Waist Bag,Leather Basket,Braided Leather Belt,Men Leather Belt,Straw Bag In Chennai From 2000 ,We Are Selling Good Quality Products",https://www.indiamart.com/proddetail/sea-grass-straw-tote-bag-24266045288.html,https://5.imimg.com/data5/SELLER/Default/2023/10/355348388/MQ/DZ/RK/18738517/waxy-full-grain-leather-500x500.jpeg
Potli Bags,Training Service,,,,Potli Bags,,https://5.imimg.com/data5/WHATSAPP/Default/2025/4/502381253/MH/GH/XV/18738517/i-need-this-type-bags-500x500.jpeg
Potli Bags,Training Service,,,,,,https://5.imimg.com/data5/WHATSAPP/Default/2025/4/502381253/MH/GH/XV/18738517/i-need-this-type-bags-500x500.jpeg
Ladies Leather Clutch Purse,Women Clutches Bags,"₹ 1,860/Piece",20 Piece,Style: Casual Clutch; Color: Brown; We have pink red blue yellow green: Our costs moq 20pc per colour,"Essentially the clutch bag is a small, flat handbag, without handles or straps, however there are larger bags, with a handle or detachable straps which are also described as 'clutch bags'. Slim and primarily hand held are perhaps the two qualities which best define the bag.",https://www.indiamart.com/proddetail/ladies-leather-clutch-purse-2854414541148.html,https://5.imimg.com/data5/SELLER/Default/2024/7/433211336/JQ/XS/JL/18738517/94d5d78c-c3d0-445a-a41f-029450c3c777-500x500.jpg | https://5.imimg.com/data5/SELLER/Default/2024/7/433211329/LJ/EL/SG/18738517/30adb288-e3a6-49a1-ac71-3c714616e9d5-500x500.jpg | https://5.imimg.com/data5/SELLER/Default/2024/7/433211320/EP/SM/MF/18738517/2a6baf0c-810d-4de7-acc8-dff548bc827b-500x500.jpg
Woven Leather Bag,Woven Leather Bag,"₹ 3,760/Piece",1000 Piece,Leather Quality: Full Grain Leather; Material: Leather; Color: Brown; Pattern: Plain; Shape: - Tote bag - Shoulder bag - Crossbody bag - Backpack; Pure Leather: Yes; Size/Dimension: - Length: 30-40 cm (12-16 inches) - Width: 20-30 cm (8-12 inches) - Height: 10-20 cm (4-8 inches); Packaging Type: CTN,"Woven leather bags are a type of bag that features a woven or braided design on the exterior, created using chrome free leather strips . These bags are often characterized by their unique texture, flexibility, and durability. They can come in various shapes, sizes, and colors, and are commonly used as handbags, shoulder bags, or tote bags. Woven leather bags are often prized for their: - Unique, handmade aesthetic - Soft, pliable texture - Durability and resistance to wear and tear - Versatility in styling and pairing with different outfits Some popular types of woven leather bags include: - Woven leather shoulder bags - Braided leather tote bags - Woven leather clutches - Leather woven backpacks These bags are often made using traditional craftsmanship techniques, and the weaving process can vary depending on the brand or artisan. The result is a one-of-a-kind, stylish accessory that adds a touch of elegance and sophistication to any outfit.",https://www.indiamart.com/proddetail/woven-leather-bag-2855201511433.html,https://5.imimg.com/data5/SELLER/Default/2024/10/461495569/JR/BK/AW/18738517/woven-lather-bages-500x500.jpeg | https://5.imimg.com/data5/SELLER/Default/2024/10/461495749/AB/KA/OT/18738517/woven-lather-bages-500x500.jpeg | https://5.imimg.com/data5/SELLER/Default/2024/10/461496676/BC/VL/KX/18738517/woven-lather-bages-500x500.jpeg
Woven Leather Bag,Woven Leather Bag,"₹ 3,000/Piece",2000 Piece,Style: Leather Hobo Bag; Color: Brown; Pattern: Plain; Gender: Women; Type: Woven Leather Bag; Size: - Length: 30-40 cm (12-16 inches) - Width: 20-30 cm (8-12 inches) - Height: 10-20 cm (4-8 inches); Leather Type: Woven Leather; Usage/Application: - Daily use - Travel - Work - School - Beach - Gym,"Woven leather handbags are stylish, durable, and versatile accessories made from woven leather strips. They're perfect for everyday use, work, or special occasions. Key Features: 1. Material: Woven leather strips 2. Style: Various designs, including tote, shoulder, and clutch bags 3. Size: Range of sizes, from small clutches to large totes 4. Color: Multiple color options, including neutral tones and bold hues 5. Closure: Magnetic snap, zipper, or buckle closure 6. Handles: Adjustable or fixed leather straps",https://www.indiamart.com/proddetail/woven-leather-bag-2855346993273.html,https://5.imimg.com/data5/SELLER/Default/2024/10/461487716/LC/UC/KV/18738517/woven-lather-bages-500x500.jpeg | https://5.imimg.com/data5/SELLER/Default/2024/7/433215983/LR/SU/RV/18738517/0b5466b4-7fc3-4306-9509-b4612e5057a0-500x500.jpg | https://5.imimg.com/data5/SELLER/Default/2024/7/433113244/PM/KM/OG/18738517/knitted-leather-hand-bag-500x500.jpeg
Woven Leather Bags,Woven Leather Bag,"₹ 3,000/Piece",100000 Piece,Style: Leather Ladies Bag; Color: Brown; Pattern: Plain; Gender: Women; Type: woven leather Bags; Leather Type: woven,"Woven leather bags are a type of bag that features a woven or braided design on the exterior, created using chrome free leather strips . These bags are often characterized by their unique texture, flexibility, and durability. They can come in various shapes, sizes, and colors, and are commonly used as handbags, shoulder bags, or tote bags. Woven leather bags are often prized for their: - Unique, handmade aesthetic - Soft, pliable texture - Durability and resistance to wear and tear - Versatility in styling and pairing with different outfits Some popular types of woven leather bags include: - Woven leather shoulder bags - Braided leather tote bags - Woven leather clutches - Leather woven backpacks These bags are often made using traditional craftsmanship techniques, and the weaving process can vary depending on the brand or artisan. The result is a one-of-a-kind, stylish accessory that adds a touch of elegance and sophistication to any outfit.",https://www.indiamart.com/proddetail/woven-leather-bags-2855475695773.html,https://5.imimg.com/data5/SELLER/Default/2024/7/433112429/WR/EH/NU/18738517/green-leather-bag-500x500.png | https://5.imimg.com/data5/SELLER/Default/2024/7/433112250/PD/LW/VL/18738517/green-leather-bag-500x500.png
Woven Leather Tote Bag,Woven Leather Bag,"₹ 3,750/Piece",2000 Piece,Leather Quality: Full Grain Leather; Material: Leather; Color: Tan; Pattern: Plain; Country of Origin: Made in India; Chrome free leather braided ladies handbag: Moq 20pieces in each colour,"The woven leather tote bag is a stylish and versatile accessory made from high-quality leather. It features a sturdy woven design, comfortable shoulder straps, and a spacious interior with multiple pockets for organization. The bag's classic design and premium materials make it perfect for daily use, work, or travel. Its durable construction and timeless style ensure it will remain a favorite for years to come.",https://www.indiamart.com/proddetail/woven-leather-tote-bag-2853970387755.html,https://5.imimg.com/data5/ANDROID/Default/2024/4/413854446/ND/XH/OK/18738517/product-jpeg-500x500.jpg | https://5.imimg.com/data5/ANDROID/Default/2024/7/435435592/OS/PY/PB/18738517/product-jpeg-500x500.jpeg
Woven Leather Beach Bag,Woven Leather Beach Bag,₹ 250/Piece,2000 Piece,Type Of Hand Bags: Handheld Bag; Gender: Unisex; Country of Origin: Made in India,"The best materials for a beach bag are often cotton-canvas, vinyl, mesh and woven straw textures like raffia, says stylist Neelo Noory. Since these fabrics run the gamut in terms of style aesthetic, it's helpful to narrow down which is best-suited for your beachside needs. Synthetic materials are a practical choice for a day at the beach. For example, mesh beach bags are usually made of nylon or polyester, which makes them very light and thin, yet strong. They are also water-resistant and can be cleaned easily since the sand easily falls through the mesh weave.",https://www.indiamart.com/proddetail/woven-leather-beach-bag-2854223330391.html,https://5.imimg.com/data5/SELLER/Default/2024/6/425156746/DU/RG/BQ/18738517/beach-bags111-500x500.jpg
Woven Top Mens leather wallet,Woven Top Mens Leather Wallet,,1000,Product Type: Mens Wallet; Material: Premium Leather; Card Slots: 6; Gender: Male; Size: 3.5 x 4.5 inches (closed); Weight: 4 oz,"Stay stylish and organized with this sleek Woven Top Men's Leather Wallet. Made from premium leather, this wallet features a woven top layer that adds texture and visual interest. The classic design with a modern twist makes it perfect for everyday use. Key Features: - Made from high-quality leather for durability and style - Woven top layer adds texture and visual interest - Classic design with a modern twist - Multiple card slots and cash compartment for organization - Sleek and slim design for easy carrying - Perfect for everyday use Product Specifications: - Material: Premium Leather - Size: 3.5 x 4.5 inches (closed) - Color: Dark Brown, Black, or Tan - Closure Type: Button Snap - Number of Card Slots: 6 - Cash Compartment: 2 - Weight: 4 oz",https://www.indiamart.com/proddetail/woven-top-mens-leather-wallet-2855203931197.html,https://5.imimg.com/data5/SELLER/Default/2024/10/461599840/CZ/GC/HC/18738517/woven-top-mens-leather-wallet-500x500.jpeg
